product_id,description
1,"Smartphone with 50MP camera, 16GB RAM, Wireless"
2,"Bluetooth speaker with Fitness tracking, 8GB RAM, 128GB storage"
3,"Laptop with 4K video, Heart rate monitor, Fitness tracking"
4,"Bluetooth speaker with 50MP camera, Fitness tracking, 64GB storage"
5,"Monitor with 4GB RAM, 64GB storage, 8GB RAM"
6,"Monitor with Fast charging, 50MP camera, 128GB storage"
7,"Camera with 8GB RAM, Heart rate monitor, 48MP camera"
8,"Keyboard with 64GB storage, 1080p resolution, 8GB RAM"
9,"Game Console with Fast charging, 48MP camera, 4GB RAM"
10,"Bluetooth speaker with 64GB storage, Long battery life, Fast charging"
11,"Tablet with 1080p resolution, Fitness tracking, Touchscreen"
12,"Laptop with Bluetooth, Fitness tracking, 8GB RAM"
13,"Smartphone with Heart rate monitor, 4K video, Touchscreen"
14,"Bluetooth speaker with Heart rate monitor, GPS, 8GB RAM"
15,"Mouse with Fast charging, 4K video, Noise cancellation"
16,"Laptop with 48MP camera, Wireless, 50MP camera"
17,"Camera with 16GB RAM, Noise cancellation, Fitness tracking"
18,"Smartphone with Long battery life, 128GB storage, 1080p resolution"
19,"Camera with 8GB RAM, Fitness tracking, Heart rate monitor"
20,"Camera with Touchscreen, 8GB RAM, GPS"
21,"Monitor with 4GB RAM, Bluetooth, Heart rate monitor"
22,"Game Console with 8GB RAM, 64GB storage, 1080p resolution"
23,"Camera with Wireless, 8GB RAM, 50MP camera"
24,"Camera with 64GB storage, 4K video, 4GB RAM"
25,"Mouse with 4K video, 64GB storage, 16GB RAM"
26,"Keyboard with Wireless, 8GB RAM, Noise cancellation"
27,"Laptop with Heart rate monitor, Bluetooth, 50MP camera"
28,"Mouse with Fast charging, Touchscreen, 128GB storage"
29,"Monitor with Long battery life, Wireless, 4GB RAM"
30,"Keyboard with 48MP camera, 1080p resolution, 50MP camera"
31,"Smartphone with 4GB RAM, 128GB storage, Bluetooth"
32,"Camera with 50MP camera, 16GB RAM, 8GB RAM"
33,"Headphones with 1080p resolution, Heart rate monitor, 4K video"
34,"Bluetooth speaker with 1080p resolution, 8GB RAM, GPS"
35,"Camera with Fast charging, 48MP camera, 4GB RAM"
36,"Game Console with Touchscreen, 16GB RAM, Heart rate monitor"
37,"Laptop with Long battery life, 4K video, 128GB storage"
38,"Smartwatch with Touchscreen, 128GB storage, 4GB RAM"
39,"Camera with Touchscreen, 16GB RAM, 1080p resolution"
40,"Smartphone with 4K video, GPS, Fast charging"
41,"Laptop with Bluetooth, Wireless, Fast charging"
42,"Smartwatch with 4K video, 8GB RAM, 1080p resolution"
43,"Keyboard with 16GB RAM, Touchscreen, Long battery life"
44,"Monitor with 1080p resolution, 128GB storage, 16GB RAM"
45,"Keyboard with 64GB storage, 8GB RAM, Fitness tracking"
46,"Smartphone with 64GB storage, Noise cancellation, 8GB RAM"
47,"Keyboard with 8GB RAM, GPS, 16GB RAM"
48,"Laptop with 8GB RAM, Touchscreen, Bluetooth"
49,"Laptop with 64GB storage, Long battery life, 50MP camera"
50,"Keyboard with Wireless, Noise cancellation, 8GB RAM"
51,"Headphones with Long battery life, 50MP camera, 4K video"
52,"Game Console with GPS, 16GB RAM, 50MP camera"
53,"Camera with Wireless, Fast charging, 4GB RAM"
54,"Smartwatch with Touchscreen, Fast charging, Long battery life"
55,"Bluetooth speaker with Fitness tracking, 1080p resolution, 16GB RAM"
56,"Mouse with 128GB storage, Wireless, Noise cancellation"
57,"Laptop with 16GB RAM, Fast charging, 50MP camera"
58,"Headphones with 4GB RAM, 48MP camera, Heart rate monitor"
59,"Smartwatch with GPS, 4GB RAM, Bluetooth"
60,"Charger with 4GB RAM, 128GB storage, Fast charging"
61,"Headphones with Heart rate monitor, Fitness tracking, 48MP camera"
62,"Keyboard with Fast charging, GPS, Long battery life"
63,"Smartphone with 4GB RAM, Heart rate monitor, 50MP camera"
64,"Keyboard with Long battery life, Noise cancellation, 16GB RAM"
65,"Game Console with Heart rate monitor, Fast charging, 64GB storage"
66,"Smartwatch with 64GB storage, 50MP camera, Bluetooth"
67,"Headphones with 16GB RAM, 48MP camera, 64GB storage"
68,"Mouse with 64GB storage, Heart rate monitor, 1080p resolution"
69,"Smartwatch with 4K video, 48MP camera, Bluetooth"
70,"Laptop with 1080p resolution, Long battery life, 50MP camera"
71,"Headphones with GPS, 128GB storage, Fast charging"
72,"Bluetooth speaker with Bluetooth, 4GB RAM, 8GB RAM"
73,"Camera with Touchscreen, 1080p resolution, Fitness tracking"
74,"Game Console with 4K video, 16GB RAM, 128GB storage"
75,"Smartwatch with 4K video, 4GB RAM, Wireless"
76,"Mouse with 8GB RAM, 128GB storage, 1080p resolution"
77,"Smartphone with Noise cancellation, 50MP camera, Fitness tracking"
78,"Bluetooth speaker with 1080p resolution, Long battery life, Fast charging"
79,"Charger with 8GB RAM, 16GB RAM, 1080p resolution"
80,"Tablet with Long battery life, Heart rate monitor, 16GB RAM"
81,"Keyboard with Fast charging, 128GB storage, Bluetooth"
82,"Charger with Long battery life, 48MP camera, 16GB RAM"
83,"Tablet with Long battery life, 50MP camera, Heart rate monitor"
84,"Laptop with Wireless, Bluetooth, 48MP camera"
85,"Keyboard with 16GB RAM, Fast charging, 48MP camera"
86,"Bluetooth speaker with 8GB RAM, 16GB RAM, Long battery life"
87,"Camera with Long battery life, 4GB RAM, 64GB storage"
88,"Camera with 1080p resolution, Heart rate monitor, Fast charging"
89,"Tablet with Touchscreen, Wireless, 1080p resolution"
90,"Bluetooth speaker with 1080p resolution, 4GB RAM, 64GB storage"
91,"Game Console with 1080p resolution, Heart rate monitor, Long battery life"
92,"Charger with 128GB storage, Fast charging, 50MP camera"
93,"Headphones with Touchscreen, 4K video, 1080p resolution"
94,"Mouse with 48MP camera, GPS, 50MP camera"
95,"Keyboard with Bluetooth, 8GB RAM, Fitness tracking"
96,"Charger with Fitness tracking, 48MP camera, 4K video"
97,"Monitor with 50MP camera, 16GB RAM, Noise cancellation"
98,"Headphones with 16GB RAM, 4K video, 8GB RAM"
99,"Smartwatch with Long battery life, Noise cancellation, 1080p resolution"
100,"Keyboard with Heart rate monitor, 48MP camera, 16GB RAM"
101,"Laptop with Heart rate monitor, 1080p resolution, 4GB RAM"
102,"Camera with Touchscreen, Bluetooth, GPS"
103,"Keyboard with 4GB RAM, 64GB storage, Touchscreen"
104,"Smartwatch with 16GB RAM, Bluetooth, Fast charging"
105,"Mouse with Long battery life, 1080p resolution, 4GB RAM"
106,"Bluetooth speaker with 8GB RAM, 48MP camera, 1080p resolution"
107,"Bluetooth speaker with 16GB RAM, Bluetooth, Touchscreen"
108,"Camera with Wireless, Fast charging, Fitness tracking"
109,"Smartphone with 48MP camera, 128GB storage, Bluetooth"
110,"Keyboard with Fast charging, 4GB RAM, Bluetooth"
111,"Game Console with 128GB storage, Long battery life, Noise cancellation"
112,"Headphones with 4K video, 16GB RAM, 4GB RAM"
113,"Tablet with 1080p resolution, 50MP camera, 4GB RAM"
114,"Mouse with 8GB RAM, 16GB RAM, 4K video"
115,"Mouse with 48MP camera, Fitness tracking, 8GB RAM"
116,"Mouse with Long battery life, 16GB RAM, Wireless"
117,"Laptop with Fast charging, Noise cancellation, GPS"
118,"Headphones with 16GB RAM, GPS, Bluetooth"
119,"Bluetooth speaker with 64GB storage, Touchscreen, 4GB RAM"
120,"Keyboard with 4GB RAM, Heart rate monitor, Noise cancellation"
121,"Game Console with Noise cancellation, Heart rate monitor, 128GB storage"
122,"Laptop with 8GB RAM, Touchscreen, 48MP camera"
123,"Laptop with GPS, 16GB RAM, Heart rate monitor"
124,"Tablet with GPS, 128GB storage, Touchscreen"
125,"Smartphone with 16GB RAM, Fitness tracking, 1080p resolution"
126,"Mouse with Touchscreen, 64GB storage, 128GB storage"
127,"Charger with Long battery life, 50MP camera, 1080p resolution"
128,"Laptop with Noise cancellation, 64GB storage, 50MP camera"
129,"Tablet with Fast charging, 4GB RAM, GPS"
130,"Mouse with Long battery life, 64GB storage, 8GB RAM"
131,"Monitor with 16GB RAM, Fast charging, 4K video"
132,"Keyboard with 48MP camera, 64GB storage, Long battery life"
133,"Headphones with 16GB RAM, 1080p resolution, 64GB storage"
134,"Headphones with 64GB storage, GPS, Heart rate monitor"
135,"Headphones with 16GB RAM, Wireless, 128GB storage"
136,"Smartphone with Bluetooth, 1080p resolution, 128GB storage"
137,"Keyboard with GPS, 48MP camera, 4K video"
138,"Tablet with Heart rate monitor, 48MP camera, 16GB RAM"
139,"Smartphone with 50MP camera, Touchscreen, GPS"
140,"Tablet with 8GB RAM, Long battery life, Heart rate monitor"
141,"Headphones with 8GB RAM, Long battery life, 48MP camera"
142,"Keyboard with GPS, 1080p resolution, 8GB RAM"
143,"Smartwatch with Noise cancellation, 64GB storage, 50MP camera"
144,"Keyboard with GPS, 8GB RAM, 4GB RAM"
145,"Smartphone with 48MP camera, Fitness tracking, Heart rate monitor"
146,"Monitor with 64GB storage, 16GB RAM, Noise cancellation"
147,"Laptop with Touchscreen, Heart rate monitor, Wireless"
148,"Charger with Fitness tracking, Bluetooth, GPS"
149,"Bluetooth speaker with Heart rate monitor, 48MP camera, 4K video"
150,"Keyboard with Wireless, 8GB RAM, 1080p resolution"
151,"Laptop with Fitness tracking, 16GB RAM, Wireless"
152,"Keyboard with Bluetooth, Fast charging, 64GB storage"
153,"Charger with 48MP camera, Long battery life, Heart rate monitor"
154,"Smartwatch with Touchscreen, 4K video, 1080p resolution"
155,"Monitor with Bluetooth, Touchscreen, 48MP camera"
156,"Smartwatch with 50MP camera, Long battery life, 64GB storage"
157,"Mouse with 8GB RAM, 64GB storage, 48MP camera"
158,"Keyboard with 128GB storage, Touchscreen, 4GB RAM"
159,"Keyboard with 48MP camera, Fitness tracking, Fast charging"
160,"Keyboard with 128GB storage, 64GB storage, Touchscreen"
161,"Camera with Bluetooth, 1080p resolution, Heart rate monitor"
162,"Game Console with 1080p resolution, Touchscreen, Fitness tracking"
163,"Keyboard with 128GB storage, Wireless, Bluetooth"
164,"Keyboard with 64GB storage, Wireless, 128GB storage"
165,"Game Console with GPS, Wireless, Touchscreen"
166,"Smartphone with 50MP camera, Fitness tracking, 4GB RAM"
167,"Camera with Wireless, 48MP camera, Fitness tracking"
168,"Camera with 1080p resolution, 16GB RAM, Wireless"
169,"Smartphone with Fast charging, 4K video, 128GB storage"
170,"Mouse with 1080p resolution, Bluetooth, Fitness tracking"
171,"Tablet with Fitness tracking, 4GB RAM, 128GB storage"
172,"Mouse with GPS, 50MP camera, 48MP camera"
173,"Headphones with 16GB RAM, Long battery life, Fitness tracking"
174,"Game Console with 64GB storage, 1080p resolution, Heart rate monitor"
175,"Keyboard with 8GB RAM, 4K video, Noise cancellation"
176,"Game Console with Fitness tracking, Fast charging, 8GB RAM"
177,"Camera with Bluetooth, Noise cancellation, Touchscreen"
178,"Headphones with 64GB storage, 50MP camera, Bluetooth"
179,"Charger with Touchscreen, Fitness tracking, Heart rate monitor"
180,"Charger with 64GB storage, 48MP camera, Touchscreen"
181,"Game Console with Bluetooth, Noise cancellation, 8GB RAM"
182,"Camera with 4GB RAM, Noise cancellation, Fast charging"
183,"Game Console with Wireless, Fitness tracking, 4GB RAM"
184,"Headphones with 128GB storage, Fitness tracking, Wireless"
185,"Monitor with 8GB RAM, 64GB storage, GPS"
186,"Monitor with 8GB RAM, 16GB RAM, Heart rate monitor"
187,"Monitor with 128GB storage, Noise cancellation, Bluetooth"
188,"Monitor with Fitness tracking, 4K video, Wireless"
189,"Camera with 4GB RAM, 128GB storage, Wireless"
190,"Tablet with Fast charging, Fitness tracking, 4GB RAM"
191,"Laptop with 4GB RAM, Heart rate monitor, Touchscreen"
192,"Smartphone with 48MP camera, 16GB RAM, Long battery life"
193,"Monitor with Touchscreen, 1080p resolution, Fitness tracking"
194,"Monitor with 48MP camera, 1080p resolution, GPS"
195,"Monitor with Fast charging, 4K video, GPS"
196,"Headphones with GPS, 8GB RAM, Fast charging"
197,"Headphones with 50MP camera, Wireless, 1080p resolution"
198,"Camera with Fast charging, 64GB storage, GPS"
199,"Bluetooth speaker with Heart rate monitor, 4GB RAM, 8GB RAM"
200,"Smartphone with Fitness tracking, GPS, 50MP camera"
201,"Mouse with Noise cancellation, 16GB RAM, 8GB RAM"
202,"Smartwatch with Touchscreen, Fitness tracking, 128GB storage"
203,"Smartphone with 4GB RAM, 4K video, Fitness tracking"
204,"Camera with 50MP camera, 16GB RAM, GPS"
205,"Headphones with 48MP camera, Heart rate monitor, 128GB storage"
206,"Smartphone with Bluetooth, GPS, Noise cancellation"
207,"Mouse with Heart rate monitor, Long battery life, Bluetooth"
208,"Keyboard with 16GB RAM, Long battery life, 8GB RAM"
209,"Headphones with Wireless, 4K video, Touchscreen"
210,"Monitor with 4GB RAM, 128GB storage, 48MP camera"
211,"Laptop with 16GB RAM, 4GB RAM, Fast charging"
212,"Tablet with 64GB storage, Wireless, Fitness tracking"
213,"Smartphone with 4K video, 128GB storage, 8GB RAM"
214,"Game Console with Wireless, Heart rate monitor, Fast charging"
215,"Laptop with Fitness tracking, 4K video, GPS"
216,"Smartphone with Touchscreen, 48MP camera, 64GB storage"
217,"Smartphone with 128GB storage, Long battery life, 1080p resolution"
218,"Bluetooth speaker with Fitness tracking, Heart rate monitor, 64GB storage"
219,"Game Console with 128GB storage, Touchscreen, 4K video"
220,"Laptop with 4GB RAM, 128GB storage, 48MP camera"
221,"Smartwatch with 1080p resolution, 4K video, 128GB storage"
222,"Mouse with 16GB RAM, Heart rate monitor, Long battery life"
223,"Smartwatch with GPS, 50MP camera, Fitness tracking"
224,"Bluetooth speaker with Noise cancellation, Long battery life, Fitness tracking"
225,"Keyboard with 48MP camera, Fast charging, Noise cancellation"
226,"Mouse with 1080p resolution, GPS, 4K video"
227,"Monitor with 64GB storage, 48MP camera, Fitness tracking"
228,"Smartwatch with 8GB RAM, Fitness tracking, Wireless"
229,"Tablet with 48MP camera, Wireless, 16GB RAM"
230,"Bluetooth speaker with GPS, Bluetooth, 16GB RAM"
231,"Headphones with Noise cancellation, 64GB storage, 4GB RAM"
232,"Bluetooth speaker with Touchscreen, 128GB storage, Bluetooth"
233,"Smartphone with 8GB RAM, Long battery life, 128GB storage"
234,"Game Console with GPS, Wireless, Bluetooth"
235,"Headphones with Heart rate monitor, Noise cancellation, 50MP camera"
236,"Keyboard with Fitness tracking, 1080p resolution, Fast charging"
237,"Camera with Fitness tracking, Noise cancellation, Heart rate monitor"
238,"Mouse with GPS, 128GB storage, 4GB RAM"
239,"Laptop with Fast charging, 4GB RAM, 16GB RAM"
240,"Bluetooth speaker with Noise cancellation, 4K video, Fast charging"
241,"Charger with 1080p resolution, Bluetooth, 48MP camera"
242,"Smartphone with 16GB RAM, GPS, 128GB storage"
243,"Mouse with 4K video, Wireless, Fitness tracking"
244,"Camera with Fitness tracking, 16GB RAM, Fast charging"
245,"Smartwatch with Fast charging, 48MP camera, 4GB RAM"
246,"Camera with Touchscreen, GPS, Wireless"
247,"Mouse with 48MP camera, GPS, Heart rate monitor"
248,"Charger with 1080p resolution, Fast charging, 16GB RAM"
249,"Smartphone with 50MP camera, GPS, Fast charging"
250,"Laptop with 50MP camera, Noise cancellation, 64GB storage"
251,"Camera with Touchscreen, 8GB RAM, Fast charging"
252,"Bluetooth speaker with Fitness tracking, 64GB storage, Heart rate monitor"
253,"Tablet with Noise cancellation, 50MP camera, 4K video"
254,"Headphones with 128GB storage, Touchscreen, Fast charging"
255,"Game Console with 50MP camera, Bluetooth, Touchscreen"
256,"Laptop with 4GB RAM, Heart rate monitor, Noise cancellation"
257,"Monitor with 4K video, Heart rate monitor, Touchscreen"
258,"Smartphone with 4GB RAM, 50MP camera, 1080p resolution"
259,"Camera with Noise cancellation, 48MP camera, 50MP camera"
260,"Smartphone with GPS, Fast charging, 8GB RAM"
261,"Laptop with Fast charging, Bluetooth, 50MP camera"
262,"Charger with 1080p resolution, Bluetooth, Heart rate monitor"
263,"Camera with Touchscreen, Heart rate monitor, 64GB storage"
264,"Charger with Wireless, Touchscreen, 16GB RAM"
265,"Mouse with Fitness tracking, Bluetooth, 4GB RAM"
266,"Mouse with Heart rate monitor, Fast charging, Long battery life"
267,"Bluetooth speaker with Noise cancellation, 64GB storage, Touchscreen"
268,"Smartwatch with Heart rate monitor, Fitness tracking, Noise cancellation"
269,"Mouse with Bluetooth, Long battery life, Heart rate monitor"
270,"Headphones with 1080p resolution, 4GB RAM, Long battery life"
271,"Camera with 48MP camera, 16GB RAM, 1080p resolution"
272,"Game Console with Heart rate monitor, 8GB RAM, Wireless"
273,"Tablet with Heart rate monitor, 1080p resolution, 16GB RAM"
274,"Charger with 48MP camera, 64GB storage, 8GB RAM"
275,"Monitor with 4K video, GPS, Touchscreen"
276,"Laptop with 8GB RAM, 48MP camera, Bluetooth"
277,"Camera with Wireless, 16GB RAM, 4GB RAM"
278,"Bluetooth speaker with 128GB storage, 8GB RAM, 50MP camera"
279,"Laptop with Long battery life, Noise cancellation, GPS"
280,"Game Console with 50MP camera, 1080p resolution, Wireless"
281,"Monitor with Fitness tracking, Noise cancellation, 4GB RAM"
282,"Smartphone with 4K video, 64GB storage, Fitness tracking"
283,"Smartwatch with 16GB RAM, Bluetooth, GPS"
284,"Smartwatch with Fitness tracking, 64GB storage, 16GB RAM"
285,"Mouse with Heart rate monitor, 4GB RAM, Long battery life"
286,"Monitor with 8GB RAM, GPS, 4GB RAM"
287,"Laptop with 8GB RAM, 1080p resolution, Wireless"
288,"Keyboard with GPS, Touchscreen, 50MP camera"
289,"Charger with Fast charging, 64GB storage, Long battery life"
290,"Monitor with 50MP camera, GPS, Long battery life"
291,"Charger with 50MP camera, Wireless, Bluetooth"
292,"Camera with 1080p resolution, 4K video, 48MP camera"
293,"Game Console with 4K video, GPS, Wireless"
294,"Charger with 8GB RAM, Fast charging, 48MP camera"
295,"Mouse with 8GB RAM, 64GB storage, 128GB storage"
296,"Smartwatch with Noise cancellation, Bluetooth, 128GB storage"
297,"Headphones with Fitness tracking, 16GB RAM, 4K video"
298,"Charger with 4K video, Touchscreen, 8GB RAM"
299,"Camera with GPS, Fast charging, 8GB RAM"
300,"Game Console with Touchscreen, 1080p resolution, 8GB RAM"
301,"Camera with Bluetooth, Wireless, Fast charging"
302,"Mouse with Bluetooth, 128GB storage, Fitness tracking"
303,"Smartwatch with 50MP camera, 64GB storage, GPS"
304,"Camera with 8GB RAM, Touchscreen, 128GB storage"
305,"Tablet with 48MP camera, 16GB RAM, Wireless"
306,"Mouse with 16GB RAM, Heart rate monitor, 4K video"
307,"Headphones with Noise cancellation, GPS, Long battery life"
308,"Mouse with 64GB storage, 4K video, Noise cancellation"
309,"Tablet with 128GB storage, Long battery life, Fast charging"
310,"Tablet with 8GB RAM, 128GB storage, Touchscreen"
311,"Tablet with 48MP camera, GPS, 8GB RAM"
312,"Tablet with 48MP camera, 128GB storage, GPS"
313,"Bluetooth speaker with Bluetooth, 1080p resolution, 64GB storage"
314,"Camera with 48MP camera, 64GB storage, 4K video"
315,"Game Console with Fast charging, 64GB storage, Bluetooth"
316,"Mouse with Fast charging, Wireless, 8GB RAM"
317,"Bluetooth speaker with 4K video, Fitness tracking, 1080p resolution"
318,"Headphones with 4GB RAM, 8GB RAM, Fitness tracking"
319,"Keyboard with Noise cancellation, 64GB storage, 1080p resolution"
320,"Bluetooth speaker with Noise cancellation, 1080p resolution, 128GB storage"
321,"Smartwatch with Long battery life, 16GB RAM, 4K video"
322,"Tablet with Heart rate monitor, Long battery life, 48MP camera"
323,"Camera with Heart rate monitor, 64GB storage, 1080p resolution"
324,"Mouse with 1080p resolution, 8GB RAM, Wireless"
325,"Game Console with Touchscreen, Bluetooth, 4GB RAM"
326,"Mouse with 4K video, 8GB RAM, Touchscreen"
327,"Laptop with Heart rate monitor, 64GB storage, Noise cancellation"
328,"Bluetooth speaker with 4GB RAM, 48MP camera, Heart rate monitor"
329,"Monitor with 4K video, Heart rate monitor, 48MP camera"
330,"Monitor with Touchscreen, 64GB storage, Wireless"
331,"Mouse with Wireless, Touchscreen, GPS"
332,"Game Console with 4GB RAM, GPS, 48MP camera"
333,"Mouse with Heart rate monitor, Bluetooth, 64GB storage"
334,"Camera with 8GB RAM, GPS, Noise cancellation"
335,"Keyboard with Touchscreen, Wireless, Fitness tracking"
336,"Game Console with Bluetooth, GPS, Touchscreen"
337,"Game Console with Fast charging, Fitness tracking, 48MP camera"
338,"Camera with 128GB storage, 16GB RAM, Heart rate monitor"
339,"Bluetooth speaker with 50MP camera, Fitness tracking, 1080p resolution"
340,"Laptop with Heart rate monitor, 4GB RAM, 4K video"
341,"Game Console with 64GB storage, 4GB RAM, 16GB RAM"
342,"Smartwatch with Fitness tracking, 50MP camera, Long battery life"
343,"Camera with 1080p resolution, 48MP camera, 16GB RAM"
344,"Keyboard with Fitness tracking, GPS, Fast charging"
345,"Laptop with 16GB RAM, 64GB storage, Long battery life"
346,"Tablet with Touchscreen, Noise cancellation, 50MP camera"
347,"Headphones with 48MP camera, 16GB RAM, Fitness tracking"
348,"Smartwatch with 16GB RAM, 8GB RAM, 4K video"
349,"Mouse with Heart rate monitor, Noise cancellation, 4K video"
350,"Camera with 16GB RAM, 50MP camera, 4GB RAM"
351,"Smartwatch with Fitness tracking, Touchscreen, 16GB RAM"
352,"Headphones with GPS, Fitness tracking, Long battery life"
353,"Smartwatch with 8GB RAM, 50MP camera, 48MP camera"
354,"Bluetooth speaker with 128GB storage, Heart rate monitor, 8GB RAM"
355,"Keyboard with 128GB storage, Fitness tracking, 16GB RAM"
356,"Mouse with 16GB RAM, 128GB storage, GPS"
357,"Laptop with GPS, Long battery life, 4K video"
358,"Charger with 16GB RAM, Fast charging, Bluetooth"
359,"Bluetooth speaker with Fitness tracking, 16GB RAM, 4GB RAM"
360,"Camera with 4K video, Long battery life, Noise cancellation"
361,"Bluetooth speaker with Heart rate monitor, Fitness tracking, Noise cancellation"
362,"Camera with 4GB RAM, GPS, Heart rate monitor"
363,"Keyboard with 8GB RAM, Long battery life, 16GB RAM"
364,"Headphones with Long battery life, Wireless, Touchscreen"
365,"Headphones with 16GB RAM, 8GB RAM, 1080p resolution"
366,"Charger with 50MP camera, 1080p resolution, 128GB storage"
367,"Charger with 4GB RAM, Bluetooth, 48MP camera"
368,"Smartphone with 4K video, GPS, 48MP camera"
369,"Camera with Fitness tracking, 1080p resolution, Fast charging"
370,"Monitor with 16GB RAM, 50MP camera, Fast charging"
371,"Smartwatch with Touchscreen, 16GB RAM, 128GB storage"
372,"Camera with 16GB RAM, Touchscreen, Heart rate monitor"
373,"Game Console with 128GB storage, Heart rate monitor, Fast charging"
374,"Monitor with 64GB storage, 1080p resolution, 4K video"
375,"Game Console with Fitness tracking, 64GB storage, Wireless"
376,"Laptop with 8GB RAM, Fast charging, Noise cancellation"
377,"Tablet with Touchscreen, 8GB RAM, Bluetooth"
378,"Camera with 48MP camera, GPS, 64GB storage"
379,"Smartwatch with Long battery life, 50MP camera, Wireless"
380,"Tablet with 8GB RAM, Fitness tracking, 128GB storage"
381,"Camera with 4GB RAM, 50MP camera, 128GB storage"
382,"Smartphone with 1080p resolution, Wireless, 64GB storage"
383,"Smartwatch with 64GB storage, Noise cancellation, 4GB RAM"
384,"Headphones with Long battery life, Touchscreen, 48MP camera"
385,"Charger with 4GB RAM, 48MP camera, 8GB RAM"
386,"Game Console with Long battery life, Touchscreen, Noise cancellation"
387,"Tablet with 1080p resolution, 128GB storage, 4GB RAM"
388,"Smartphone with Fast charging, 4GB RAM, 8GB RAM"
389,"Keyboard with 4GB RAM, 50MP camera, Noise cancellation"
390,"Game Console with Bluetooth, Long battery life, 8GB RAM"
391,"Camera with 16GB RAM, 8GB RAM, 48MP camera"
392,"Charger with 48MP camera, Noise cancellation, Long battery life"
393,"Monitor with Long battery life, 4K video, 1080p resolution"
394,"Mouse with 64GB storage, GPS, 8GB RAM"
395,"Charger with 64GB storage, Bluetooth, Fast charging"
396,"Game Console with 1080p resolution, 48MP camera, 8GB RAM"
397,"Smartphone with 4K video, Bluetooth, 1080p resolution"
398,"Tablet with Bluetooth, Wireless, 50MP camera"
399,"Smartphone with 64GB storage, Fitness tracking, 50MP camera"
400,"Laptop with 50MP camera, Heart rate monitor, Fast charging"
401,"Charger with 128GB storage, 16GB RAM, Wireless"
402,"Headphones with Long battery life, Fast charging, 1080p resolution"
403,"Tablet with 50MP camera, Bluetooth, 1080p resolution"
404,"Bluetooth speaker with Fast charging, Long battery life, 4K video"
405,"Headphones with Long battery life, 50MP camera, Fast charging"
406,"Smartwatch with 16GB RAM, Noise cancellation, 128GB storage"
407,"Keyboard with 4K video, 64GB storage, 128GB storage"
408,"Mouse with Fast charging, Long battery life, 1080p resolution"
409,"Laptop with Bluetooth, 4GB RAM, Long battery life"
410,"Smartwatch with Touchscreen, 1080p resolution, Noise cancellation"
411,"Headphones with Long battery life, GPS, Wireless"
412,"Camera with Noise cancellation, GPS, 64GB storage"
413,"Monitor with Fast charging, 128GB storage, 50MP camera"
414,"Smartwatch with 16GB RAM, 50MP camera, 8GB RAM"
415,"Smartphone with 16GB RAM, Wireless, 50MP camera"
416,"Tablet with Heart rate monitor, 128GB storage, 8GB RAM"
417,"Smartphone with Touchscreen, Wireless, 4K video"
418,"Tablet with Heart rate monitor, Bluetooth, 4K video"
419,"Camera with Fitness tracking, 4K video, 8GB RAM"
420,"Game Console with Noise cancellation, 48MP camera, 4GB RAM"
421,"Game Console with Touchscreen, Bluetooth, 128GB storage"
422,"Game Console with Fast charging, 1080p resolution, 16GB RAM"
423,"Mouse with 64GB storage, 4K video, Bluetooth"
424,"Game Console with 50MP camera, Fitness tracking, 4K video"
425,"Headphones with Bluetooth, Fitness tracking, Touchscreen"
426,"Laptop with Bluetooth, Fast charging, 8GB RAM"
427,"Laptop with Noise cancellation, Fitness tracking, Fast charging"
428,"Headphones with 64GB storage, 48MP camera, 4K video"
429,"Smartwatch with 1080p resolution, 8GB RAM, Touchscreen"
430,"Mouse with Long battery life, Bluetooth, Heart rate monitor"
431,"Camera with GPS, 4K video, Touchscreen"
432,"Keyboard with Long battery life, 16GB RAM, Touchscreen"
433,"Headphones with Fast charging, 4GB RAM, 1080p resolution"
434,"Keyboard with 16GB RAM, Long battery life, Wireless"
435,"Tablet with Long battery life, GPS, 16GB RAM"
436,"Smartphone with Long battery life, 64GB storage, Fast charging"
437,"Monitor with 64GB storage, 1080p resolution, 128GB storage"
438,"Laptop with Heart rate monitor, 48MP camera, Noise cancellation"
439,"Tablet with GPS, Noise cancellation, 4GB RAM"
440,"Charger with Fast charging, Long battery life, Heart rate monitor"
441,"Headphones with Heart rate monitor, Fitness tracking, Long battery life"
442,"Charger with Bluetooth, 4K video, Noise cancellation"
443,"Game Console with 8GB RAM, GPS, Fast charging"
444,"Mouse with 64GB storage, 1080p resolution, GPS"
445,"Tablet with Heart rate monitor, Fast charging, Bluetooth"
446,"Bluetooth speaker with 128GB storage, 4GB RAM, Fitness tracking"
447,"Tablet with 8GB RAM, Noise cancellation, 16GB RAM"
448,"Laptop with 8GB RAM, 128GB storage, 4K video"
449,"Smartwatch with Touchscreen, Bluetooth, 64GB storage"
450,"Charger with Long battery life, 4K video, 4GB RAM"
451,"Bluetooth speaker with Touchscreen, Wireless, GPS"
452,"Tablet with Heart rate monitor, 48MP camera, Noise cancellation"
453,"Bluetooth speaker with 128GB storage, GPS, Wireless"
454,"Keyboard with 4GB RAM, Noise cancellation, Bluetooth"
455,"Camera with 64GB storage, Heart rate monitor, Long battery life"
456,"Charger with 1080p resolution, Fitness tracking, 8GB RAM"
457,"Keyboard with 4K video, Bluetooth, 48MP camera"
458,"Bluetooth speaker with GPS, 50MP camera, Noise cancellation"
459,"Laptop with 48MP camera, Fitness tracking, 64GB storage"
460,"Game Console with 8GB RAM, Heart rate monitor, 1080p resolution"
461,"Monitor with 8GB RAM, 1080p resolution, 50MP camera"
462,"Mouse with Wireless, 50MP camera, 16GB RAM"
463,"Monitor with 4GB RAM, Fitness tracking, Wireless"
464,"Camera with Fitness tracking, 4K video, 64GB storage"
465,"Headphones with 1080p resolution, 4GB RAM, Heart rate monitor"
466,"Headphones with Fitness tracking, 16GB RAM, Fast charging"
467,"Tablet with Noise cancellation, Touchscreen, Heart rate monitor"
468,"Smartwatch with 4GB RAM, Long battery life, 50MP camera"
469,"Camera with 4GB RAM, 50MP camera, 128GB storage"
470,"Tablet with Bluetooth, Wireless, Fitness tracking"
471,"Bluetooth speaker with Fitness tracking, Bluetooth, 48MP camera"
472,"Game Console with Touchscreen, Bluetooth, 48MP camera"
473,"Tablet with 1080p resolution, 128GB storage, GPS"
474,"Keyboard with Bluetooth, Long battery life, GPS"
475,"Smartphone with 128GB storage, GPS, Bluetooth"
476,"Bluetooth speaker with Bluetooth, Wireless, 8GB RAM"
477,"Game Console with 50MP camera, 48MP camera, Heart rate monitor"
478,"Smartphone with Bluetooth, Touchscreen, 1080p resolution"
479,"Game Console with 16GB RAM, Fast charging, 1080p resolution"
480,"Keyboard with 4GB RAM, 50MP camera, 16GB RAM"
481,"Game Console with 4GB RAM, 128GB storage, Heart rate monitor"
482,"Tablet with 4GB RAM, 50MP camera, GPS"
483,"Monitor with Long battery life, 50MP camera, Touchscreen"
484,"Monitor with Wireless, Long battery life, 1080p resolution"
485,"Smartphone with Touchscreen, 4K video, 50MP camera"
486,"Bluetooth speaker with Wireless, 64GB storage, 4GB RAM"
487,"Camera with Wireless, 48MP camera, Long battery life"
488,"Headphones with Noise cancellation, 50MP camera, 1080p resolution"
489,"Mouse with Touchscreen, Noise cancellation, 128GB storage"
490,"Mouse with Touchscreen, Noise cancellation, 8GB RAM"
491,"Headphones with 4GB RAM, 16GB RAM, Touchscreen"
492,"Laptop with 8GB RAM, GPS, Long battery life"
493,"Bluetooth speaker with 128GB storage, 48MP camera, Heart rate monitor"
494,"Bluetooth speaker with 128GB storage, 8GB RAM, Noise cancellation"
495,"Mouse with 16GB RAM, 64GB storage, Long battery life"
496,"Tablet with Long battery life, 64GB storage, 128GB storage"
497,"Bluetooth speaker with 64GB storage, 128GB storage, 48MP camera"
498,"Monitor with Long battery life, Fitness tracking, Touchscreen"
499,"Game Console with 1080p resolution, 4GB RAM, 50MP camera"
500,"Game Console with 48MP camera, 8GB RAM, 1080p resolution"
501,"Charger with Long battery life, 48MP camera, 8GB RAM"
502,"Camera with Touchscreen, 128GB storage, Fast charging"
503,"Laptop with 16GB RAM, 50MP camera, Bluetooth"
504,"Laptop with GPS, Bluetooth, 64GB storage"
505,"Smartwatch with Wireless, 4K video, 64GB storage"
506,"Smartphone with Heart rate monitor, GPS, Long battery life"
507,"Headphones with Fitness tracking, Heart rate monitor, 48MP camera"
508,"Keyboard with Bluetooth, Fitness tracking, Wireless"
509,"Charger with 1080p resolution, Wireless, Heart rate monitor"
510,"Charger with 48MP camera, Bluetooth, Heart rate monitor"
511,"Camera with 4GB RAM, 4K video, Fast charging"
512,"Charger with 64GB storage, Fitness tracking, 1080p resolution"
513,"Camera with 16GB RAM, 50MP camera, 4K video"
514,"Charger with 50MP camera, Long battery life, 16GB RAM"
515,"Game Console with Bluetooth, Fast charging, Wireless"
516,"Smartwatch with 4GB RAM, Fast charging, 50MP camera"
517,"Charger with Wireless, 4K video, 48MP camera"
518,"Camera with Noise cancellation, Fast charging, 128GB storage"
519,"Laptop with 4K video, Fitness tracking, 48MP camera"
520,"Laptop with Fitness tracking, Heart rate monitor, 128GB storage"
521,"Smartphone with 4K video, 4GB RAM, Touchscreen"
522,"Charger with Fitness tracking, 16GB RAM, Long battery life"
523,"Laptop with Noise cancellation, 4K video, 128GB storage"
524,"Bluetooth speaker with 16GB RAM, 1080p resolution, Noise cancellation"
525,"Bluetooth speaker with Fitness tracking, 4GB RAM, Touchscreen"
526,"Mouse with 1080p resolution, 64GB storage, Fitness tracking"
527,"Game Console with 50MP camera, 128GB storage, 8GB RAM"
528,"Headphones with Touchscreen, 4GB RAM, 48MP camera"
529,"Headphones with Wireless, GPS, 4K video"
530,"Laptop with Noise cancellation, 4GB RAM, 50MP camera"
531,"Keyboard with 128GB storage, Fast charging, 50MP camera"
532,"Camera with Noise cancellation, 48MP camera, GPS"
533,"Monitor with Heart rate monitor, Fitness tracking, 1080p resolution"
534,"Mouse with 16GB RAM, 50MP camera, 4GB RAM"
535,"Bluetooth speaker with Wireless, Heart rate monitor, 4K video"
536,"Smartphone with 128GB storage, Fast charging, Wireless"
537,"Smartphone with Fast charging, GPS, 128GB storage"
538,"Keyboard with 4GB RAM, 128GB storage, 1080p resolution"
539,"Mouse with 4K video, 128GB storage, Fitness tracking"
540,"Laptop with Fitness tracking, 1080p resolution, 4K video"
541,"Smartwatch with Fitness tracking, Touchscreen, Long battery life"
542,"Charger with 64GB storage, 48MP camera, 50MP camera"
543,"Smartphone with Heart rate monitor, 16GB RAM, GPS"
544,"Laptop with 50MP camera, Wireless, Fitness tracking"
545,"Bluetooth speaker with GPS, Fast charging, Touchscreen"
546,"Laptop with 50MP camera, 16GB RAM, Bluetooth"
547,"Charger with 128GB storage, GPS, Noise cancellation"
548,"Smartphone with Heart rate monitor, Touchscreen, Long battery life"
549,"Charger with Wireless, Fitness tracking, Bluetooth"
550,"Camera with Noise cancellation, 16GB RAM, 48MP camera"
551,"Tablet with Heart rate monitor, 4K video, GPS"
552,"Keyboard with 128GB storage, Fast charging, Touchscreen"
553,"Mouse with 48MP camera, Noise cancellation, Bluetooth"
554,"Camera with 4K video, Bluetooth, GPS"
555,"Smartwatch with Wireless, 48MP camera, 4GB RAM"
556,"Monitor with Touchscreen, Bluetooth, GPS"
557,"Smartphone with GPS, 50MP camera, 64GB storage"
558,"Smartphone with Touchscreen, Wireless, Fitness tracking"
559,"Laptop with 16GB RAM, Fitness tracking, 50MP camera"
560,"Camera with 48MP camera, Long battery life, 4GB RAM"
561,"Tablet with 48MP camera, 1080p resolution, Noise cancellation"
562,"Monitor with 64GB storage, 4K video, Long battery life"
563,"Keyboard with 48MP camera, 4GB RAM, Touchscreen"
564,"Laptop with 64GB storage, 50MP camera, Bluetooth"
565,"Mouse with Long battery life, 8GB RAM, Touchscreen"
566,"Game Console with 4GB RAM, Noise cancellation, 1080p resolution"
567,"Mouse with 64GB storage, Touchscreen, 16GB RAM"
568,"Keyboard with 64GB storage, 50MP camera, 4GB RAM"
569,"Game Console with Fitness tracking, 4K video, 8GB RAM"
570,"Keyboard with Bluetooth, 16GB RAM, Wireless"
571,"Headphones with Touchscreen, Heart rate monitor, 1080p resolution"
572,"Charger with 1080p resolution, Touchscreen, Noise cancellation"
573,"Tablet with 4K video, Touchscreen, Fast charging"
574,"Smartphone with 8GB RAM, 128GB storage, 64GB storage"
575,"Smartwatch with 4K video, 4GB RAM, Wireless"
576,"Headphones with 4GB RAM, Noise cancellation, 50MP camera"
577,"Game Console with Wireless, Touchscreen, Fast charging"
578,"Smartphone with 64GB storage, 8GB RAM, 4GB RAM"
579,"Bluetooth speaker with Wireless, 4GB RAM, 16GB RAM"
580,"Headphones with Fast charging, 1080p resolution, Noise cancellation"
581,"Tablet with Noise cancellation, Fitness tracking, 128GB storage"
582,"Bluetooth speaker with Heart rate monitor, 64GB storage, 8GB RAM"
583,"Tablet with 48MP camera, Bluetooth, 50MP camera"
584,"Headphones with 64GB storage, Heart rate monitor, Fast charging"
585,"Charger with Touchscreen, 4GB RAM, Heart rate monitor"
586,"Tablet with Touchscreen, GPS, 8GB RAM"
587,"Charger with 48MP camera, 128GB storage, 4K video"
588,"Smartwatch with 4K video, Fitness tracking, Fast charging"
589,"Smartphone with 8GB RAM, 48MP camera, Fast charging"
590,"Game Console with 4GB RAM, 48MP camera, Touchscreen"
591,"Mouse with 16GB RAM, 8GB RAM, 4GB RAM"
592,"Bluetooth speaker with Fitness tracking, Fast charging, GPS"
593,"Tablet with Heart rate monitor, 64GB storage, Wireless"
594,"Bluetooth speaker with Fast charging, 8GB RAM, 4GB RAM"
595,"Mouse with Bluetooth, Wireless, 8GB RAM"
596,"Headphones with Bluetooth, Heart rate monitor, Wireless"
597,"Charger with Wireless, 8GB RAM, 16GB RAM"
598,"Camera with Bluetooth, Wireless, 48MP camera"
599,"Tablet with 50MP camera, Fitness tracking, GPS"
600,"Laptop with 50MP camera, 48MP camera, GPS"
601,"Bluetooth speaker with Noise cancellation, 8GB RAM, Bluetooth"
602,"Laptop with Wireless, 48MP camera, GPS"
603,"Smartwatch with Touchscreen, Noise cancellation, GPS"
604,"Bluetooth speaker with Fitness tracking, 64GB storage, Heart rate monitor"
605,"Charger with Bluetooth, 50MP camera, Touchscreen"
606,"Monitor with 48MP camera, Fitness tracking, Touchscreen"
607,"Laptop with 1080p resolution, GPS, Touchscreen"
608,"Laptop with Long battery life, Fast charging, 128GB storage"
609,"Smartwatch with Wireless, 64GB storage, 128GB storage"
610,"Laptop with GPS, Bluetooth, 8GB RAM"
611,"Smartphone with 8GB RAM, Fitness tracking, Long battery life"
612,"Bluetooth speaker with Wireless, Noise cancellation, 4GB RAM"
613,"Tablet with 48MP camera, Heart rate monitor, Fast charging"
614,"Bluetooth speaker with Fast charging, 50MP camera, 8GB RAM"
615,"Mouse with 1080p resolution, 64GB storage, 8GB RAM"
616,"Smartphone with Bluetooth, 48MP camera, 1080p resolution"
617,"Smartphone with 64GB storage, Bluetooth, 4K video"
618,"Charger with Fast charging, GPS, Noise cancellation"
619,"Keyboard with 16GB RAM, 48MP camera, GPS"
620,"Bluetooth speaker with Long battery life, GPS, Noise cancellation"
621,"Smartphone with 1080p resolution, 48MP camera, Fast charging"
622,"Headphones with Heart rate monitor, 50MP camera, Fast charging"
623,"Smartphone with 48MP camera, Noise cancellation, Fitness tracking"
624,"Tablet with 128GB storage, Bluetooth, 64GB storage"
625,"Laptop with 4GB RAM, 50MP camera, Fitness tracking"
626,"Charger with Wireless, GPS, Fast charging"
627,"Tablet with GPS, 50MP camera, Fitness tracking"
628,"Camera with Long battery life, 8GB RAM, Bluetooth"
629,"Headphones with 16GB RAM, GPS, Bluetooth"
630,"Bluetooth speaker with 4K video, 128GB storage, 50MP camera"
631,"Smartwatch with Fitness tracking, Heart rate monitor, 1080p resolution"
632,"Bluetooth speaker with 4K video, 48MP camera, 16GB RAM"
633,"Tablet with 8GB RAM, 16GB RAM, Fitness tracking"
634,"Game Console with Noise cancellation, 4GB RAM, 16GB RAM"
635,"Keyboard with Wireless, 64GB storage, Fast charging"
636,"Camera with Fast charging, 8GB RAM, 1080p resolution"
637,"Laptop with 8GB RAM, Heart rate monitor, 1080p resolution"
638,"Bluetooth speaker with 1080p resolution, GPS, Bluetooth"
639,"Smartphone with 4K video, 50MP camera, Noise cancellation"
640,"Smartphone with GPS, 128GB storage, Noise cancellation"
641,"Laptop with 48MP camera, Noise cancellation, Touchscreen"
642,"Smartwatch with Long battery life, Bluetooth, 16GB RAM"
643,"Game Console with Wireless, 50MP camera, Noise cancellation"
644,"Bluetooth speaker with Fitness tracking, 4K video, Fast charging"
645,"Smartwatch with Wireless, 1080p resolution, Long battery life"
646,"Mouse with Fast charging, Bluetooth, 4GB RAM"
647,"Charger with Wireless, 4GB RAM, 64GB storage"
648,"Keyboard with 4GB RAM, Touchscreen, 50MP camera"
649,"Camera with Fitness tracking, Wireless, 4GB RAM"
650,"Game Console with Bluetooth, 128GB storage, 4K video"
651,"Keyboard with Wireless, 4GB RAM, GPS"
652,"Mouse with GPS, 48MP camera, 8GB RAM"
653,"Smartphone with Fast charging, GPS, Noise cancellation"
654,"Charger with 1080p resolution, 4K video, 8GB RAM"
655,"Headphones with 50MP camera, Heart rate monitor, Fitness tracking"
656,"Camera with 64GB storage, 4GB RAM, Fast charging"
657,"Charger with 1080p resolution, Touchscreen, 128GB storage"
658,"Smartphone with Bluetooth, Noise cancellation, Fitness tracking"
659,"Bluetooth speaker with Bluetooth, 8GB RAM, 4GB RAM"
660,"Charger with Heart rate monitor, Fast charging, Bluetooth"
661,"Camera with Fast charging, Wireless, Touchscreen"
662,"Charger with 4GB RAM, Bluetooth, Fast charging"
663,"Tablet with 8GB RAM, 50MP camera, Fitness tracking"
664,"Laptop with Fast charging, 4GB RAM, 4K video"
665,"Charger with 16GB RAM, Fast charging, 128GB storage"
666,"Headphones with 64GB storage, 50MP camera, Fast charging"
667,"Charger with 128GB storage, 50MP camera, 64GB storage"
668,"Game Console with Heart rate monitor, 8GB RAM, 50MP camera"
669,"Camera with 4GB RAM, GPS, 50MP camera"
670,"Camera with Wireless, GPS, 48MP camera"
671,"Monitor with Fitness tracking, 16GB RAM, Bluetooth"
672,"Bluetooth speaker with Noise cancellation, Wireless, Fast charging"
673,"Monitor with 128GB storage, Wireless, 64GB storage"
674,"Keyboard with 50MP camera, Fitness tracking, 8GB RAM"
675,"Laptop with 8GB RAM, 1080p resolution, 16GB RAM"
676,"Keyboard with 4K video, Wireless, Heart rate monitor"
677,"Bluetooth speaker with Heart rate monitor, Long battery life, 8GB RAM"
678,"Charger with Bluetooth, 64GB storage, 1080p resolution"
679,"Mouse with Bluetooth, Fast charging, Touchscreen"
680,"Monitor with 16GB RAM, Touchscreen, GPS"
681,"Smartphone with 64GB storage, Long battery life, 1080p resolution"
682,"Charger with 50MP camera, Wireless, 48MP camera"
683,"Charger with Fitness tracking, Bluetooth, 50MP camera"
684,"Monitor with GPS, Fitness tracking, Bluetooth"
685,"Smartphone with GPS, Bluetooth, 64GB storage"
686,"Keyboard with 16GB RAM, Noise cancellation, Touchscreen"
687,"Monitor with GPS, 48MP camera, 4K video"
688,"Laptop with 1080p resolution, 8GB RAM, Fast charging"
689,"Charger with 4K video, 1080p resolution, 4GB RAM"
690,"Monitor with Bluetooth, 4GB RAM, 64GB storage"
691,"Charger with 128GB storage, Bluetooth, 8GB RAM"
692,"Charger with 64GB storage, 16GB RAM, 50MP camera"
693,"Camera with Noise cancellation, Wireless, Heart rate monitor"
694,"Smartwatch with 128GB storage, 64GB storage, 16GB RAM"
695,"Headphones with Touchscreen, 16GB RAM, Fitness tracking"
696,"Smartwatch with 4GB RAM, Wireless, Fitness tracking"
697,"Laptop with 8GB RAM, Bluetooth, Touchscreen"
698,"Camera with Noise cancellation, 16GB RAM, 64GB storage"
699,"Mouse with 8GB RAM, Fitness tracking, Long battery life"
700,"Tablet with Heart rate monitor, 4GB RAM, 48MP camera"
701,"Bluetooth speaker with 128GB storage, Touchscreen, Wireless"
702,"Keyboard with Heart rate monitor, Fitness tracking, Noise cancellation"
703,"Bluetooth speaker with Long battery life, 48MP camera, Wireless"
704,"Bluetooth speaker with Touchscreen, Noise cancellation, Fitness tracking"
705,"Smartphone with 4K video, 16GB RAM, Long battery life"
706,"Bluetooth speaker with 48MP camera, Fitness tracking, 64GB storage"
707,"Charger with 50MP camera, Heart rate monitor, Wireless"
708,"Charger with GPS, 50MP camera, 4GB RAM"
709,"Tablet with Long battery life, 16GB RAM, 50MP camera"
710,"Game Console with Noise cancellation, GPS, 4GB RAM"
711,"Camera with 128GB storage, Fast charging, Long battery life"
712,"Smartwatch with 50MP camera, 4K video, 128GB storage"
713,"Game Console with Fitness tracking, 128GB storage, 64GB storage"
714,"Bluetooth speaker with 16GB RAM, 4GB RAM, GPS"
715,"Headphones with 128GB storage, Noise cancellation, GPS"
716,"Camera with Fast charging, GPS, 1080p resolution"
717,"Tablet with 1080p resolution, 50MP camera, Wireless"
718,"Tablet with Wireless, Heart rate monitor, 4K video"
719,"Monitor with Fitness tracking, 128GB storage, Touchscreen"
720,"Game Console with 4K video, Touchscreen, Fitness tracking"
721,"Tablet with 4K video, 1080p resolution, Bluetooth"
722,"Game Console with 16GB RAM, Fast charging, Long battery life"
723,"Keyboard with Long battery life, Fast charging, Touchscreen"
724,"Mouse with GPS, Noise cancellation, Touchscreen"
725,"Smartwatch with 128GB storage, Touchscreen, Bluetooth"
726,"Headphones with Heart rate monitor, Noise cancellation, Bluetooth"
727,"Bluetooth speaker with 50MP camera, Fitness tracking, 4GB RAM"
728,"Tablet with Wireless, Touchscreen, 128GB storage"
729,"Headphones with GPS, 8GB RAM, Wireless"
730,"Headphones with 128GB storage, 1080p resolution, 50MP camera"
731,"Keyboard with GPS, Long battery life, Touchscreen"
732,"Camera with Touchscreen, Fast charging, Long battery life"
733,"Headphones with 4K video, Long battery life, Fitness tracking"
734,"Charger with 50MP camera, Long battery life, Fast charging"
735,"Smartphone with Noise cancellation, Heart rate monitor, Bluetooth"
736,"Camera with 4GB RAM, GPS, Long battery life"
737,"Monitor with GPS, 1080p resolution, Touchscreen"
738,"Headphones with 50MP camera, Heart rate monitor, 8GB RAM"
739,"Monitor with Wireless, Fast charging, 4K video"
740,"Smartwatch with 4GB RAM, 4K video, Noise cancellation"
741,"Laptop with Heart rate monitor, 1080p resolution, 16GB RAM"
742,"Charger with 16GB RAM, Heart rate monitor, Wireless"
743,"Mouse with 4GB RAM, 48MP camera, 128GB storage"
744,"Camera with 128GB storage, Fast charging, Touchscreen"
745,"Charger with Noise cancellation, 64GB storage, Wireless"
746,"Bluetooth speaker with Bluetooth, 4GB RAM, 8GB RAM"
747,"Game Console with 16GB RAM, GPS, Bluetooth"
748,"Mouse with Wireless, GPS, 50MP camera"
749,"Keyboard with Heart rate monitor, Noise cancellation, Wireless"
750,"Tablet with 16GB RAM, 50MP camera, Long battery life"
751,"Bluetooth speaker with 50MP camera, GPS, 1080p resolution"
752,"Tablet with 50MP camera, Noise cancellation, 48MP camera"
753,"Camera with 48MP camera, Fitness tracking, Noise cancellation"
754,"Tablet with Bluetooth, Heart rate monitor, 8GB RAM"
755,"Headphones with Bluetooth, 4K video, Heart rate monitor"
756,"Smartphone with Fitness tracking, 4K video, 1080p resolution"
757,"Bluetooth speaker with 50MP camera, GPS, 8GB RAM"
758,"Smartphone with Touchscreen, Wireless, 4GB RAM"
759,"Charger with 4K video, 64GB storage, Long battery life"
760,"Headphones with Wireless, 4GB RAM, Fast charging"
761,"Bluetooth speaker with Bluetooth, Fitness tracking, 48MP camera"
762,"Laptop with 48MP camera, 1080p resolution, Heart rate monitor"
763,"Bluetooth speaker with 1080p resolution, Fast charging, Bluetooth"
764,"Bluetooth speaker with GPS, Heart rate monitor, Touchscreen"
765,"Tablet with 1080p resolution, Noise cancellation, 64GB storage"
766,"Tablet with 8GB RAM, Fitness tracking, 1080p resolution"
767,"Game Console with 50MP camera, Noise cancellation, 8GB RAM"
768,"Headphones with Wireless, 128GB storage, Heart rate monitor"
769,"Smartphone with Long battery life, 64GB storage, Noise cancellation"
770,"Camera with Heart rate monitor, 64GB storage, 50MP camera"
771,"Camera with Bluetooth, 8GB RAM, GPS"
772,"Bluetooth speaker with 16GB RAM, Fast charging, 128GB storage"
773,"Tablet with 1080p resolution, Noise cancellation, 4K video"
774,"Smartphone with Fast charging, 50MP camera, Long battery life"
775,"Bluetooth speaker with 16GB RAM, 1080p resolution, Heart rate monitor"
776,"Headphones with GPS, Fitness tracking, 4GB RAM"
777,"Camera with Wireless, Fitness tracking, 4GB RAM"
778,"Bluetooth speaker with 8GB RAM, Wireless, Noise cancellation"
779,"Keyboard with Wireless, Long battery life, Touchscreen"
780,"Tablet with 8GB RAM, Fitness tracking, 16GB RAM"
781,"Headphones with 4K video, Wireless, GPS"
782,"Laptop with 4K video, 16GB RAM, Long battery life"
783,"Bluetooth speaker with 64GB storage, Bluetooth, 128GB storage"
784,"Bluetooth speaker with Fitness tracking, Touchscreen, Bluetooth"
785,"Tablet with 1080p resolution, 8GB RAM, Long battery life"
786,"Smartphone with Heart rate monitor, 8GB RAM, 64GB storage"
787,"Mouse with 48MP camera, Fitness tracking, Touchscreen"
788,"Tablet with 16GB RAM, Touchscreen, 4K video"
789,"Laptop with Touchscreen, 48MP camera, 1080p resolution"
790,"Smartwatch with Fitness tracking, Fast charging, 48MP camera"
791,"Game Console with 4GB RAM, 8GB RAM, Fitness tracking"
792,"Keyboard with 4GB RAM, 1080p resolution, Fast charging"
793,"Headphones with Touchscreen, Fast charging, 4K video"
794,"Mouse with Wireless, Heart rate monitor, 64GB storage"
795,"Keyboard with 16GB RAM, Bluetooth, 8GB RAM"
796,"Smartphone with 1080p resolution, Bluetooth, 50MP camera"
797,"Camera with 16GB RAM, Long battery life, 64GB storage"
798,"Mouse with Heart rate monitor, Bluetooth, 16GB RAM"
799,"Laptop with 48MP camera, 4GB RAM, 128GB storage"
800,"Headphones with 16GB RAM, Touchscreen, Heart rate monitor"
801,"Mouse with Fast charging, Bluetooth, Long battery life"
802,"Bluetooth speaker with 16GB RAM, Heart rate monitor, 4GB RAM"
803,"Mouse with 4GB RAM, Heart rate monitor, 16GB RAM"
804,"Headphones with 128GB storage, Heart rate monitor, Long battery life"
805,"Charger with 4GB RAM, Long battery life, GPS"
806,"Smartphone with Bluetooth, 50MP camera, 128GB storage"
807,"Bluetooth speaker with 8GB RAM, 1080p resolution, Heart rate monitor"
808,"Camera with Fast charging, Wireless, 4K video"
809,"Headphones with 50MP camera, Long battery life, 4GB RAM"
810,"Game Console with 48MP camera, Noise cancellation, 50MP camera"
811,"Tablet with 64GB storage, Touchscreen, Bluetooth"
812,"Tablet with 1080p resolution, 50MP camera, 64GB storage"
813,"Game Console with Touchscreen, 4GB RAM, Fitness tracking"
814,"Smartwatch with Fast charging, Wireless, 4K video"
815,"Keyboard with Noise cancellation, 50MP camera, Long battery life"
816,"Laptop with 50MP camera, GPS, Long battery life"
817,"Bluetooth speaker with Fitness tracking, 1080p resolution, 4GB RAM"
818,"Monitor with 8GB RAM, 128GB storage, Noise cancellation"
819,"Camera with 4K video, GPS, 48MP camera"
820,"Bluetooth speaker with 4GB RAM, 1080p resolution, Heart rate monitor"
821,"Bluetooth speaker with 64GB storage, Touchscreen, 128GB storage"
822,"Game Console with 50MP camera, Wireless, Fast charging"
823,"Mouse with 1080p resolution, 128GB storage, 64GB storage"
824,"Mouse with Wireless, 16GB RAM, Noise cancellation"
825,"Bluetooth speaker with 128GB storage, 8GB RAM, GPS"
826,"Bluetooth speaker with 8GB RAM, Touchscreen, 4GB RAM"
827,"Monitor with 64GB storage, Heart rate monitor, 50MP camera"
828,"Laptop with Long battery life, Wireless, Bluetooth"
829,"Monitor with 48MP camera, 4K video, Long battery life"
830,"Mouse with Long battery life, 48MP camera, 1080p resolution"
831,"Headphones with Bluetooth, Heart rate monitor, Fitness tracking"
832,"Keyboard with Fitness tracking, Bluetooth, GPS"
833,"Headphones with Bluetooth, 128GB storage, Touchscreen"
834,"Tablet with 1080p resolution, Long battery life, GPS"
835,"Laptop with GPS, Long battery life, Touchscreen"
836,"Smartwatch with 50MP camera, 4K video, Noise cancellation"
837,"Headphones with 1080p resolution, Fast charging, 48MP camera"
838,"Charger with Long battery life, Touchscreen, 128GB storage"
839,"Headphones with Noise cancellation, 4K video, 1080p resolution"
840,"Smartwatch with 1080p resolution, 4GB RAM, Bluetooth"
841,"Headphones with Fitness tracking, Noise cancellation, Wireless"
842,"Tablet with Long battery life, 128GB storage, 1080p resolution"
843,"Game Console with Fitness tracking, 50MP camera, 8GB RAM"
844,"Game Console with Touchscreen, Fitness tracking, 128GB storage"
845,"Camera with 64GB storage, Fitness tracking, 48MP camera"
846,"Tablet with 48MP camera, 64GB storage, Touchscreen"
847,"Tablet with Touchscreen, Wireless, Long battery life"
848,"Camera with 1080p resolution, Touchscreen, 128GB storage"
849,"Tablet with Bluetooth, 64GB storage, GPS"
850,"Charger with 48MP camera, Fast charging, 8GB RAM"
851,"Game Console with Fast charging, 4GB RAM, 128GB storage"
852,"Monitor with Long battery life, 50MP camera, Fitness tracking"
853,"Charger with 1080p resolution, Wireless, 16GB RAM"
854,"Laptop with 4GB RAM, Wireless, 64GB storage"
855,"Smartphone with 48MP camera, Long battery life, Wireless"
856,"Smartwatch with Fitness tracking, 4GB RAM, 128GB storage"
857,"Laptop with 64GB storage, Noise cancellation, Heart rate monitor"
858,"Camera with 4GB RAM, 8GB RAM, Wireless"
859,"Charger with Wireless, 4GB RAM, 64GB storage"
860,"Mouse with 4GB RAM, Bluetooth, 48MP camera"
861,"Smartwatch with Fitness tracking, Long battery life, 8GB RAM"
862,"Bluetooth speaker with GPS, 1080p resolution, 48MP camera"
863,"Laptop with GPS, Long battery life, Bluetooth"
864,"Charger with 1080p resolution, Fitness tracking, Bluetooth"
865,"Laptop with GPS, 1080p resolution, 64GB storage"
866,"Tablet with Wireless, Long battery life, 50MP camera"
867,"Camera with Touchscreen, Heart rate monitor, Wireless"
868,"Laptop with Long battery life, 16GB RAM, 48MP camera"
869,"Camera with Fast charging, 64GB storage, Bluetooth"
870,"Headphones with Long battery life, 64GB storage, 50MP camera"
871,"Keyboard with 50MP camera, 128GB storage, 4K video"
872,"Game Console with 4GB RAM, 48MP camera, Touchscreen"
873,"Smartwatch with 48MP camera, Long battery life, 64GB storage"
874,"Camera with Wireless, 8GB RAM, Noise cancellation"
875,"Headphones with Wireless, Bluetooth, 1080p resolution"
876,"Mouse with Wireless, Long battery life, 4GB RAM"
877,"Smartwatch with Fitness tracking, 64GB storage, 4GB RAM"
878,"Laptop with Noise cancellation, 4GB RAM, 64GB storage"
879,"Headphones with 48MP camera, 64GB storage, 128GB storage"
880,"Game Console with Bluetooth, 50MP camera, Long battery life"
881,"Charger with 128GB storage, Wireless, 16GB RAM"
882,"Smartwatch with Wireless, Fitness tracking, 128GB storage"
883,"Bluetooth speaker with Touchscreen, 48MP camera, 50MP camera"
884,"Camera with Wireless, Long battery life, 16GB RAM"
885,"Bluetooth speaker with Bluetooth, 4GB RAM, 4K video"
886,"Charger with Heart rate monitor, 8GB RAM, Touchscreen"
887,"Smartphone with 48MP camera, 4K video, 128GB storage"
888,"Keyboard with Bluetooth, 4GB RAM, 8GB RAM"
889,"Monitor with GPS, 48MP camera, 50MP camera"
890,"Smartwatch with 1080p resolution, 4GB RAM, Heart rate monitor"
891,"Charger with Noise cancellation, Heart rate monitor, 8GB RAM"
892,"Mouse with 16GB RAM, Fitness tracking, Touchscreen"
893,"Game Console with 8GB RAM, 128GB storage, 16GB RAM"
894,"Bluetooth speaker with 4K video, 1080p resolution, Touchscreen"
895,"Bluetooth speaker with 64GB storage, 50MP camera, 8GB RAM"
896,"Headphones with Touchscreen, 1080p resolution, Wireless"
897,"Laptop with Long battery life, 64GB storage, 128GB storage"
898,"Smartwatch with 8GB RAM, GPS, 4GB RAM"
899,"Charger with Fitness tracking, 128GB storage, Noise cancellation"
900,"Headphones with 4GB RAM, Fast charging, Noise cancellation"
901,"Monitor with Fitness tracking, 48MP camera, 16GB RAM"
902,"Laptop with 50MP camera, 4GB RAM, 8GB RAM"
903,"Keyboard with 4K video, Wireless, Fast charging"
904,"Bluetooth speaker with Wireless, GPS, Noise cancellation"
905,"Smartphone with 8GB RAM, Heart rate monitor, Noise cancellation"
906,"Smartphone with 8GB RAM, 128GB storage, Fast charging"
907,"Mouse with 1080p resolution, Wireless, 4GB RAM"
908,"Keyboard with 48MP camera, Long battery life, 8GB RAM"
909,"Charger with Bluetooth, GPS, 50MP camera"
910,"Mouse with Noise cancellation, Touchscreen, GPS"
911,"Tablet with 64GB storage, 4GB RAM, Fitness tracking"
912,"Bluetooth speaker with Fast charging, Heart rate monitor, Touchscreen"
913,"Camera with GPS, 48MP camera, Touchscreen"
914,"Game Console with 1080p resolution, Long battery life, Bluetooth"
915,"Smartwatch with Touchscreen, Bluetooth, Noise cancellation"
916,"Tablet with Fast charging, 8GB RAM, 16GB RAM"
917,"Bluetooth speaker with Fast charging, 64GB storage, 128GB storage"
918,"Smartphone with 64GB storage, Noise cancellation, 128GB storage"
919,"Keyboard with Wireless, 128GB storage, 4GB RAM"
920,"Game Console with Heart rate monitor, Touchscreen, Long battery life"
921,"Monitor with 16GB RAM, 4K video, 48MP camera"
922,"Charger with 16GB RAM, Heart rate monitor, GPS"
923,"Bluetooth speaker with Bluetooth, Wireless, Touchscreen"
924,"Laptop with 48MP camera, 4GB RAM, Wireless"
925,"Monitor with 4K video, Fitness tracking, Fast charging"
926,"Keyboard with Bluetooth, 16GB RAM, Noise cancellation"
927,"Camera with Touchscreen, Long battery life, 4GB RAM"
928,"Mouse with Bluetooth, 16GB RAM, Long battery life"
929,"Headphones with Touchscreen, 16GB RAM, 1080p resolution"
930,"Charger with 128GB storage, Long battery life, 16GB RAM"
931,"Game Console with Fitness tracking, 16GB RAM, 64GB storage"
932,"Smartphone with 50MP camera, 128GB storage, 8GB RAM"
933,"Smartwatch with 50MP camera, Fitness tracking, Touchscreen"
934,"Monitor with GPS, Touchscreen, 4K video"
935,"Laptop with 4K video, 48MP camera, Touchscreen"
936,"Tablet with 1080p resolution, Touchscreen, 4K video"
937,"Charger with GPS, 128GB storage, Wireless"
938,"Headphones with 50MP camera, 4GB RAM, 128GB storage"
939,"Smartphone with 48MP camera, Heart rate monitor, Fast charging"
940,"Headphones with 48MP camera, 8GB RAM, 128GB storage"
941,"Smartwatch with Wireless, Heart rate monitor, 4K video"
942,"Game Console with 4GB RAM, Heart rate monitor, 4K video"
943,"Game Console with Fitness tracking, 4GB RAM, Long battery life"
944,"Monitor with 50MP camera, Long battery life, Touchscreen"
945,"Game Console with GPS, 16GB RAM, Touchscreen"
946,"Bluetooth speaker with Heart rate monitor, Noise cancellation, Fitness tracking"
947,"Headphones with Noise cancellation, 64GB storage, 8GB RAM"
948,"Smartwatch with 4GB RAM, Touchscreen, 1080p resolution"
949,"Tablet with 64GB storage, 16GB RAM, Touchscreen"
950,"Charger with 16GB RAM, Fitness tracking, Long battery life"
951,"Keyboard with Wireless, 128GB storage, Long battery life"
952,"Headphones with 1080p resolution, Long battery life, 64GB storage"
953,"Camera with Heart rate monitor, Fast charging, 8GB RAM"
954,"Smartwatch with Long battery life, Fitness tracking, 1080p resolution"
955,"Monitor with Touchscreen, 4K video, 64GB storage"
956,"Headphones with 8GB RAM, Bluetooth, GPS"
957,"Tablet with Fast charging, Bluetooth, 48MP camera"
958,"Laptop with Long battery life, 16GB RAM, 4GB RAM"
959,"Laptop with 48MP camera, Noise cancellation, 1080p resolution"
960,"Tablet with GPS, Long battery life, 1080p resolution"
961,"Smartphone with Heart rate monitor, Bluetooth, 4K video"
962,"Laptop with Noise cancellation, 8GB RAM, Heart rate monitor"
963,"Monitor with 1080p resolution, Noise cancellation, Touchscreen"
964,"Monitor with 4GB RAM, 64GB storage, Fitness tracking"
965,"Game Console with 8GB RAM, 128GB storage, Long battery life"
966,"Keyboard with Wireless, GPS, 48MP camera"
967,"Mouse with GPS, 128GB storage, 64GB storage"
968,"Monitor with Wireless, 1080p resolution, Fast charging"
969,"Camera with 1080p resolution, 16GB RAM, 4K video"
970,"Laptop with GPS, Long battery life, Fitness tracking"
971,"Bluetooth speaker with 4K video, 128GB storage, Noise cancellation"
972,"Game Console with Fitness tracking, Touchscreen, Noise cancellation"
973,"Laptop with Wireless, 8GB RAM, 48MP camera"
974,"Bluetooth speaker with Fast charging, GPS, Long battery life"
975,"Tablet with Heart rate monitor, 64GB storage, 4GB RAM"
976,"Keyboard with 8GB RAM, Fitness tracking, 1080p resolution"
977,"Tablet with 48MP camera, 128GB storage, 1080p resolution"
978,"Tablet with Touchscreen, 8GB RAM, Noise cancellation"
979,"Monitor with GPS, Fast charging, 8GB RAM"
980,"Headphones with 1080p resolution, Fast charging, Noise cancellation"
981,"Tablet with 50MP camera, Wireless, 1080p resolution"
982,"Monitor with Bluetooth, 1080p resolution, 64GB storage"
983,"Tablet with 4GB RAM, Wireless, 16GB RAM"
984,"Laptop with Touchscreen, Wireless, 4GB RAM"
985,"Monitor with 8GB RAM, Noise cancellation, 4K video"
986,"Smartwatch with Fast charging, 128GB storage, Touchscreen"
987,"Keyboard with Fast charging, Bluetooth, 16GB RAM"
988,"Headphones with GPS, 4K video, 8GB RAM"
989,"Smartwatch with 4K video, 4GB RAM, Bluetooth"
990,"Headphones with 48MP camera, Touchscreen, Noise cancellation"
991,"Game Console with 128GB storage, 4GB RAM, Wireless"
992,"Headphones with 1080p resolution, GPS, 64GB storage"
993,"Mouse with 4GB RAM, Fast charging, Fitness tracking"
994,"Mouse with Bluetooth, 4K video, Fitness tracking"
995,"Smartwatch with 64GB storage, Long battery life, 128GB storage"
996,"Laptop with Touchscreen, Wireless, Noise cancellation"
997,"Smartphone with Wireless, 1080p resolution, Noise cancellation"
998,"Headphones with 4K video, 48MP camera, Touchscreen"
999,"Laptop with Long battery life, Heart rate monitor, Touchscreen"
1000,"Smartphone with Noise cancellation, 1080p resolution, 64GB storage"
